feature_0,feature_1,feature_2,feature_3,feature_4,feature_5,feature_6,feature_7,feature_8,feature_9,feature_10,feature_11,feature_12,target
0.19929102866159842,-3.2035531711202667,-4.165775849236335,-0.17173003207205118,0.6900037367136422,2.6890483396040605,-3.4595603397801464,0.6823622751428458,0.8845284582721109,0.11355542921736284,-0.6414367929844641,2.6389507758268724,-1.5621709815580884,0
4.5680359671965896,-2.4996038613395095,-2.4646307518861357,-1.1841600879231855,3.728995297393025,2.7876402478681923,-7.53086320745898,-0.4784416519669139,0.45179305324921026,-2.6021980113287833,2.841313629669057,0.11599863209492334,-3.5116837581711087,1
-2.01283130089846,1.9963599560346288,1.9197438867913919,1.591933500893282,-5.319986780996395,-5.537334355437642,7.496072504469156,0.18790459252820702,4.716234367605983,4.180951202378514,2.4377834576023423,-0.9828518173159726,6.988208100459633,1
-2.422998869207056,1.9113948786753783,-0.05561347719676191,1.5828224953485557,1.7062279608568216,-4.082289435385155,10.852753633183612,-0.9416442167675707,3.145998083853734,-2.6299492101259148,-5.107858861892012,0.1839919230868715,-4.604424640470269,0
2.192909543913481,-4.191808886140647,-1.3627966643831004,-1.7185533867120752,-0.007209115039332303,-0.21300514765223746,-10.827804550766084,4.170515821715011,1.3575974132631599,2.5418753060116854,0.05178103562835812,4.730005498696759,-2.2927447332733983,0
-0.5966874084332323,-0.8604078805521702,1.230494976671785,0.07048926228861241,-0.6347630919151355,0.48477033697114014,-1.0250117271183352,-1.3154497929623608,-1.814493679405878,0.2318214564251191,1.8398274852523182,-1.5141653941199853,2.128555237761612,0
-5.3099379960780055,3.9106144575421595,2.4426339548804616,-1.1738911968733583,0.7804618340922724,2.7612221144515123,7.01555793269041,-2.986781503033562,-0.2944783635423003,0.9148844992046576,1.0183225116022834,-1.0535509565436005,2.4528491424911842,1
-1.530743528050614,0.5999802367939135,-2.5442195751818817,1.2365186690765655,-1.3757822144746048,8.058552739347208,1.7803012134672274,-0.27286192323966696,-3.2578912257746397,-6.0176669879312685,2.3464629852010908,0.014302165215985707,4.172289343697792,0
2.2627542517719585,-0.7766138509787605,-0.13386778717648784,-0.5733918416524822,1.2867522234683877,2.5924684805209783,-5.975209619370387,-1.4643906333242502,-1.0476011560839664,2.45526486869651,-1.1256525902735297,3.1937120718000673,-4.7695021573094945,0
-0.1771109247889029,-0.8221221202228971,-1.296803383403907,0.9387692435386448,-3.1407300342390867,3.299163005024577,-2.1045012670088297,1.2469810726746617,-0.8398379007597495,-0.22635959904878122,2.192553106733138,1.5432056554258224,4.3294019408617945,0
-1.7356890029380376,2.7721139685502956,1.2075337545338378,2.8049638415157947,-3.961353235119767,0.15242186886906273,6.486106437936423,-1.5496374009236127,0.8721896600562735,1.4568582728525747,2.4579563617704343,-1.2579801448885133,7.104399780417961,1
2.816914182875372,-1.890354463977995,-3.4158589580404737,-0.5528074490845647,-4.316371850642743,2.0277096597272197,-3.2066224612368774,-2.153679635909021,-2.993183229321181,2.537551446815057,1.3948874963549132,-1.9250020761552302,1.7426924152682695,0
1.4318145440413266,-2.2116166930197294,-0.28534358824789086,1.2976759389182373,1.1436539874857299,0.06594649084358124,-6.035594369316862,1.1616922517926733,-2.7073458131888635,1.5540798598676178,-1.125572443706508,-0.48481443744408104,0.8358417797972764,1
-0.5954328102593589,0.23081781673934865,1.0003524847891887,1.7303173433848082,0.5240035662360021,-5.998047859512737,4.102569860890947,1.3264425244054288,2.3543353449388777,0.7906576458183283,-2.3621768472404394,-1.4000117693795655,0.4049298809395648,0
2.969177488097852,0.44339778611001823,1.3890849879509874,-0.5120448498105841,-0.2016198659278935,-8.55864187391507,2.6772804245136532,1.6984812247299819,1.7158510395004858,-1.3981617087240972,-1.3196184777997155,-4.011459761626121,-2.08315051284317,1
3.26520319061649,-3.0999630016179505,-1.1158029089505432,0.6714307141353273,0.8958993725878777,1.4017073382148275,-8.101278701498599,1.7024794164589843,0.19762363965219132,-0.7404928573666936,1.5324218498501923,2.426704296712238,-1.0039806670294786,0
1.1720585943949475,-1.1029263778653722,-2.857702292506689,-3.5829150846624147,-0.7390526127182147,1.8996873120945963,-1.8464364686738832,0.03246781177647351,0.16664018105264888,-1.4101616645312496,0.3164922783761377,0.9721512785392193,-3.9468643131502112,0
2.4850502975501216,2.4844403110585276,2.8543249980419594,-0.5809257698885488,0.39706037555368856,-5.573096167840717,1.0054955714711875,2.306269304396826,0.9446271502426389,-0.9073852504030069,-0.17601423522034465,-2.8101290937809056,-0.34226852400972896,1
0.7190949924215446,-2.2624190455172704,-2.773482080579085,-1.3719466898309034,0.04004460624698192,2.75253170549292,-4.569432135753593,1.6739167476324237,0.5893330824014917,-0.576934470270703,-0.8399237352134729,4.049636915990578,-3.349366976460765,0
1.496075568400467,2.912019352413543,-0.27708206648252665,4.926328611074416,0.6879214491443479,-6.225292937593572,6.3372352482749905,1.597097282264952,1.836925063308379,1.990143255314885,-4.93526076579017,-2.6815766386358284,1.9939060019068728,0
3.166670785315346,-0.8376118049438852,-2.7813136618921757,-1.9776684971276852,-4.229353313337947,1.5135338029727985,0.689581175552419,-3.9867957601810806,-1.5631680436782658,-0.8017817608208899,1.6635479277077967,-1.5690000471834065,-2.702377983099407,0
1.8301698330638128,2.1723828989567573,1.9737063491750049,1.4188569201231844,1.6852325839405795,4.890112871593929,-5.789175113573688,-0.14961483740261527,-2.227428839418195,1.3666751735272995,2.3096826610645165,1.0601467383483762,2.6929014629447847,1
-2.6012778082241894,1.8695993914507474,1.8820662211305075,2.0445587633192686,-3.5481558094635957,-4.106905880443434,9.321811304159775,-2.395711205174032,-0.6777192653481605,0.9882134419247843,0.9993714777185665,-5.710017270085656,6.65699439691681,1
2.9466880170133836,-1.153890469907626,-2.7394635012704303,-3.2191812722110704,0.33694255245109284,5.141091494881409,-4.502004674396469,-1.0456702364074295,-1.4177955305206078,-4.044387905256274,2.0004877642977474,1.2025491857817514,-4.834923660601076,0
-1.2437138862187962,0.8523342608676634,-3.229937421692394,-0.06624068929116222,-1.0473431618886524,3.3714056390601446,3.7494712411735693,0.047424714994251604,-0.6203763211669575,-2.4558906455584437,-1.293172528164225,0.42388814658768337,0.08807822719376446,0
-0.5235802533250384,-0.20868178604657617,1.562063369697479,2.5897553846560672,-0.2570705517118592,6.442317923108368,-3.7440562012713676,-2.584105128598176,-1.783791427776356,0.645500788173563,4.202459376554953,2.274640131216916,4.231818638455034,1
1.015412754870722,-3.460927478936943,0.13416147085015062,-0.5948641971369852,4.6139589944624735,-5.31643897541863,-1.5049151835563634,0.19493384842671535,3.0263361012185435,-1.8179766901136225,2.4193034636734065,-3.8745571153787894,-0.6014582805542005,1
0.10731887476484758,-0.9093822424969182,0.703376260008427,-0.7578023446051432,-0.8073251057170183,-0.01647905945274833,0.16142860335377826,-2.2126403790432256,0.0022475393459888693,-0.4580081587691349,2.8243239217649148,-1.278507133011384,0.4892303815993201,0
3.83120040671932,-4.327046479142146,-0.8866008673121323,0.6962465350451246,2.616720033351745,5.106252413360889,-13.3638293190142,2.4984419479619433,-1.4096690655740738,-2.9380873728138153,3.2893555344005767,3.8169429897841765,-0.8380284178412285,0
0.5212966873075839,0.39472757637452727,-1.5547221818534824,1.9890555789461493,-0.4844045511404236,-0.7439100157326647,1.4394110176340364,1.6816266749157145,0.916203639712718,0.0008543022211928708,-2.2147512118552184,0.9199011690255142,0.5035765972567254,0
1.3968746682300366,0.34651518258297953,1.3491221980025412,3.6193728047609466,-1.9474352928564065,-5.259558833665706,6.245259730838066,-1.0427239461867306,3.727543250029229,-1.8761494044822928,1.1277539265962118,-1.031852814885575,1.2773245535202957,1
1.7860680698273785,0.25217743017553884,-1.1113444931348977,-2.3159079276725745,-1.9409804170473155,-1.5367856429548084,-0.1250630336608544,-0.22474058523972518,0.469808780088774,1.3360461501413357,-0.04900369587833375,-0.7937915542072662,-1.8866270237366969,0
3.6341036074185356,-0.03883910373665589,4.2685054920380345,-1.7009990228875522,1.9362643191452498,-2.9867267132089332,-4.88323609154455,1.571615329120255,0.72136490164823,-3.4899691026808677,0.03756915356741364,2.4276460354480474,-7.34176572433846,0
1.363191622910874,-0.7203137217474256,-2.1320258308955546,3.3463114914145566,2.1836623290896684,-2.3601530067070784,2.125067646955446,-0.06421576846399457,1.5683686657996772,-0.29619315926304635,-1.5792803405619547,-1.95716611971174,0.8472953907651811,0
2.296651959340081,1.6510760410972893,4.0922075519921,2.737797677955238,-3.0173381146896987,-6.720093092113637,4.850451576061679,0.5077049803735021,2.3930542170982796,-2.6998766630188715,2.7933768608593317,-2.714441627602795,3.1987613541129356,1
-0.8254646169800498,-1.4311117101586142,-0.5342118037794032,1.8256557241967122,-1.3404054185341776,-0.019999248696183816,-1.8739147960940945,0.23748113426710393,-3.4260510336080365,2.9392660470092737,-1.0188518909909954,-2.1310517303227887,4.585856977445521,1
0.2495476711729795,-2.0414911268520273,-1.6118489663008275,0.3226433188010228,1.4456801546858573,3.0572892509119574,-2.416618523390664,-0.2425054397786517,0.3245239422909325,-2.7111215429049498,2.5071646070002815,0.6116754754884175,0.6078966007265295,1
-1.153966531460016,0.6453728793800791,0.31858311921398175,-1.1832407052151148,0.5569527971523693,3.6187061418754567,-1.6001988115119083,-1.7523608460792928,-0.6743373263836672,1.9554164708159032,2.0417857797501657,0.49973403909288616,1.2120440794513436,1
-0.04232063738065395,-0.7822176642357025,0.17193101325324056,0.5977947514586135,-0.5655106309832061,3.0135278314729446,-0.03305368310521757,-1.5651738448932149,-0.525159698141815,-3.496216660482346,4.317876710200849,-0.7071527391300512,2.6172624884841347,1
1.6426937489992233,-2.1698287190066035,2.48773683202055,5.816174389249366,3.2140983154662472,-5.95496372780765,-4.2021469568514345,4.086865671552189,2.0962524917675505,1.3147379214630575,-1.093320235312883,0.15678676368504074,3.683293752202735,0
2.5303076470258556,-0.19593046603529485,-3.1986574645819084,-3.630188001698017,0.08080423030658701,2.85324174914809,-2.072336722618298,-2.3956106766286096,2.501284571021124,1.0190229690955388,2.5788154895388953,1.237224441058186,-4.034602539623447,0
3.472847137419339,-2.8771970016952784,1.3772899865820496,0.5155818604077222,3.15157093170951,-2.7746786680431903,-6.060613923981248,0.6650598399679726,1.864653087055741,-1.222380089146289,0.1325902581955174,2.0606021558940304,-5.204338851292513,0
-2.2695863758029944,0.9444274696400708,0.8619209104448883,-0.36078242404746175,-2.4018411773684285,-0.04995579173229496,5.719365536652002,-3.0959126858716024,3.7177352742551375,1.0658522283398675,3.9096723813449628,0.42673358970675457,2.3602524274465693,1
1.865290959005232,-0.47529291145738983,-2.0581535143584997,-1.8772436137109838,-2.4273347783750863,1.8038879287461205,-0.16678745344372503,-2.0346259701905582,2.1337360534224654,-0.2831374636245363,4.547705844267856,-0.07101034814193619,0.41004989090443894,0
3.228704406734199,0.6388997835128642,-0.9153791652746195,-4.771708359374169,1.2309038925960443,4.540529702492994,-1.7176708737089303,-2.308895968239828,-1.2338338167869747,-6.865339081780641,1.124127891262459,1.5623583740477045,-9.814979805964585,0
-0.8097702275893537,0.5466114513429519,3.710355480570179,1.7748532756140545,0.8899411335500245,-8.763647250417064,4.810620258121216,2.048785640919181,3.5813126190327327,-0.015853306468851747,-2.968639679722972,-0.2032546763864269,-1.6461366896610417,0
-0.8855045107228952,-0.5373959451861539,-3.088345668175425,3.565535336517219,0.8990998475796778,1.4066995922296381,3.8271541987517863,-0.4123591837342151,0.8007149247400127,-1.5133549796656276,-2.102923718463636,0.5083156506489979,1.0215744520688643,0
3.1518012916954423,-3.3729997070425126,-2.8380058221311675,1.5411031914681153,2.4962787899136165,6.415714995641748,-7.51885793366975,-0.4820920422221828,-1.25527176280863,-4.509677781118233,2.7098283257482247,2.4030780440992414,-1.4246543464233608,0
1.225846787843707,-1.2082520312123566,-1.4920754258508955,-0.25600569753212343,1.4640024920627066,2.733616660877048,-1.3787369683710662,-0.6363627981384661,-0.23768343985866847,-4.113945928491665,1.007006261428348,0.7487791917807893,-2.5772696343723007,0
0.9000167569595321,2.3214722466127338,1.495138854414014,1.1578987951453195,-0.417860444547448,0.33209745333040264,0.8353799198700324,-0.13195475584416294,-0.5162315653449605,0.03742535859099583,0.9213267249512378,-0.8702368562157018,2.129228914444027,1
-1.7785322981964162,-3.22882664778587,-0.8737222936552635,3.0510813021200103,-1.6766641448446964,3.0694371816637847,0.2863052443023801,-3.081969259933486,-0.41136954975868334,-0.4208043507124649,3.2878355617327455,0.585344999608425,4.292706336517074,1
0.6392525195197893,-0.7114698607606957,-0.7206871878103123,1.7587743687426287,1.644430424711269,0.16949443019097332,1.9111512068341687,-3.443087728703278,-1.5520715110825254,-0.9953175669490191,0.05453435955983876,-3.276688842126833,-0.002182094049494024,1
0.4205284977572705,1.8106874706185738,1.997399295196605,1.1370800950436732,0.3306773124469009,-1.6063546511369238,3.896540581714854,-2.0585387497685526,-1.0377030790075041,-1.5899599233501451,0.5922003578334523,-3.4211445703653878,0.892863599280087,1
-3.4406614345110684,2.9188409608807078,-0.39608603713356283,4.206377284878698,1.403393184817791,-5.4335309522410515,14.981364612386704,-1.1515462117705297,2.9383168615869435,-1.9838936435079857,-5.288029482483189,-2.942434313658772,0.33126468809253595,0
4.5275620302445665,0.1894731592820207,-1.8595617129764,-1.8775932125502244,-0.9898467144202884,4.826336464645233,-5.906009588510833,-2.1471071119615184,0.23796327896386704,1.383476408987018,0.6200260706260152,4.80012082316324,-6.429998323177926,0
3.284165007316658,-1.4772547393202715,1.1950810791652553,3.1048552986201132,2.5309096242700733,-1.14313651949752,-5.097632668319982,1.7880724237785977,0.537564272410946,-1.864244881775489,0.15291900419128246,1.389360615373741,-0.8353248072827546,0
3.169389566826829,-3.7008598852786108,-3.498787266625811,-0.865938026487572,4.528394231776376,-2.1930490859755682,-2.326255211718817,-0.053477963891852,0.4841793870973403,-4.357654208491455,-0.2049616687082907,-3.649177906973216,-4.208778735542912,1
3.4430207240250494,-0.9004890258895888,-1.744075891073759,-0.41408170301958114,-2.0256655196885935,2.889171222891016,-8.60193433028411,0.9441925564272711,-1.9365610343348023,4.791676271309089,-0.9910535307022763,3.312081011384941,-1.1929366646540065,0
-2.561063373174563,1.8155321059851424,0.8082988118071559,0.2306802033023556,0.7098738866501073,-0.9235147535422416,6.091550486824143,-1.5776275410816583,3.6554204627998264,0.7754857818254216,0.2345095624664778,0.8629234247374888,-0.09586088602660948,1
-3.03795025061713,1.1466933217817954,-1.3206296782000932,0.11357831728824064,-0.15627437378449927,2.4943321848849775,4.387000687947164,-2.628415383502513,1.41411105272416,2.631738493953497,0.2976484574435726,0.5690443414556474,1.692233296402123,1
1.7342610323500893,0.3641110069548985,-0.7937436363940074,-5.03055757542235,-0.13898987823077635,2.5921874136880834,-1.1912885781827236,-2.8869942828986352,0.7676731184952543,-1.2603164295224407,1.6738776469544772,1.6379553147285852,-7.188879666955051,0
2.257161501656655,0.6396479459569744,-1.8177464379583106,1.2889658206276864,-0.19085571940182589,1.5141702368334091,-2.52435856789554,2.6421334903725953,-0.6373850301064643,-0.743174453952835,-1.1990161358085385,1.0431255118937153,0.672137242629938,0
0.7051869985161676,-2.3954882312556744,0.06674980004971598,3.437707012128641,1.307119735069971,-1.2261014819397504,-3.864491153595553,-0.7702384890943982,-1.954786062081436,3.918699108110377,-1.3826357320924876,-1.2325832200811786,2.437216431614719,1
0.9234757406537638,-1.0987197469241496,3.369863298126697,1.1466060986955595,1.4093297402706049,-6.964417818929398,-4.2054373952872455,5.381789190462192,2.7803775352020526,2.023451361782148,-2.8125424043482714,2.807497827592962,-1.5700600461607226,0
0.29771046854579275,0.13566922621399302,-0.17860987470188228,1.138348860170735,-2.676759668516607,-5.334351879499674,5.58561918209528,-1.4788039894097658,1.06695964412114,1.6535038082082694,0.3949427550614609,-4.550861020265341,3.180436764831562,1
-1.9574014499792391,-1.5862094563667393,0.5107118281283727,-2.031843914567963,1.0330790343665717,-0.8079343231267091,1.2178447525719416,-2.0300796113434987,-0.9823916612027855,-0.8642626250373218,0.6358906111725746,-2.299228536994374,-1.2378712273525698,0
1.6414350177045631,-1.5412578217131347,-1.1823106188859094,0.5725176070735292,-2.0763940966038383,5.270283946397617,-5.383442028533398,-2.439106991797022,-4.2065567956016885,1.287876294277729,1.6083281894486823,0.5811487398275624,1.1814853957053548,0
0.8506911403346891,-0.8452728355472767,0.04495987713990679,3.558062615756407,-1.2205214727538352,-0.7968718576055778,2.125001170974073,-2.341731267812234,0.255734979286213,-0.14689823057144547,1.4441937667117768,-1.3405850289885635,2.8198075113649828,1
-0.7637395305614153,2.2372418966667413,1.1090152514559515,1.3657333773053058,1.1966805036065034,0.5387146008812091,3.5006652622758976,-0.7685663275414713,2.0459955442077957,-0.6528403493226069,0.6346561639383883,0.7258909119257699,0.6469591570186289,1
2.224263797796997,-1.1583256851456842,0.7643388426500366,-0.02721893780635698,1.5945210403289596,2.1269271871107214,-6.433132922138534,-0.13772164862147118,-0.7185465622780007,-0.1433606933151078,3.6718896970944312,-0.188670117768865,1.3843777806676563,1
-4.129854511886375,-0.5344035637836995,0.8218396523390844,2.575096147313497,-6.3841751924875245,0.2933082088870193,5.318555558952133,-2.673181970847935,-0.33198528601305344,3.599419082270123,3.553504267540186,-1.3298202133050923,9.624164056403018,1
4.747370851220149,-0.03826073244294925,-4.400507351580593,-3.828352075032169,-2.770452880701053,0.9150546326721449,-2.8369312216591465,-2.0897669074587624,1.0403694232195968,3.565951892963658,1.630007269483706,-0.8754726088850775,-2.932765166917181,0
-0.6762536226282743,-0.47515882610568627,-4.276097891521564,0.18033520373216105,0.6966766993865929,3.526459847352377,3.426001504880603,-1.5505253545709965,0.13868480115469117,-2.81987162380961,-1.2163786049721639,0.3080542655981827,-1.8745468851168732,0
4.518070079153063,1.288343362517037,-3.141613221577812,1.0734131075305617,1.3407180635873892,4.672470330224446,-0.5845731659977866,-2.113964880281585,-2.0056096712476696,-4.364035331414851,0.4190326115364371,-1.2794901205002311,-2.481011814402364,0
1.8355270213959485,-2.937125316309272,3.5875046946114333,1.9585070787138403,1.429702912853404,-1.9652131709018932,-3.7940435476305043,-5.5365572434361825,-1.0418801769864956,2.559187968450219,3.000071856730047,-1.7630416346889857,-0.7186264644540691,1
-0.9230247435826395,-3.726617102030358,1.0729042796069037,-1.5179041739246113,0.9726671539170572,0.7195082552444307,-5.308464395992535,2.0401021216743067,1.1747798378288083,-2.884216100261217,1.610250017780602,4.142834723822329,-2.7938249649245153,0
-2.1802296602558062,-0.35586352796379517,1.9282888327042231,0.0892406043773093,-0.9893455770206329,2.623446526751444,-2.630638362906374,1.0761042747545329,-4.300085322952208,-0.5549994128693181,-0.10639045546045556,0.3696175040124263,2.5822456445328554,0
-0.009698719122091637,-0.586700732908056,0.3104374275227655,-3.2283089489600307,-1.4351879501815452,0.3058291401923528,0.5444906242450432,-2.0805251315655453,-1.2299922947366855,-1.596927303083072,0.9805763264441238,-0.7564720568957575,-3.351998337627593,0
1.3910289129352387,-1.0042641101517729,-1.3689303187263069,1.9763863435291353,0.5707724887451362,7.0237278317585154,-3.2041094114162862,-0.5359576205170533,-2.6362441123215015,-6.011776311296461,2.989491240241753,1.2390154899003847,1.3328112649767403,0
3.2437884112672446,0.2800304062729715,0.054345020382862375,2.0508021120723696,3.257845177694335,-3.174087544163571,1.570872136817121,-1.1498364068843059,1.8809996578229398,-2.00104840320199,-2.575563302151428,-0.16429229534377865,-5.590351528318516,0
3.550907326843849,0.3026622140641635,2.558143906744106,-0.7805503803144713,1.9897976899958296,-4.208085505586005,-2.3093157016744708,-0.15936149067939975,-1.405337999733122,-1.408077576504501,1.3338204757363974,-4.904737055832809,-0.9064146020693135,1
1.3642580773036497,0.6835674414180288,-2.3840416348733138,-1.6868667125131545,-2.6775514352734744,5.862006261100495,-0.2972149759404083,-1.0101175252589585,1.6400697527201156,-2.9593133163299985,3.889653895543548,3.4464125015576688,-1.006550668033199,0
0.3562516521462733,-0.9548485439402132,1.4324275271847484,-0.6555121352891067,0.7639861467031928,-2.429490584668319,-1.3369394331179596,1.4776358314403033,0.659310570033854,-1.5527056978216929,0.537369246072819,-0.26297786331779105,-0.8665105074424785,0
2.791709253960546,-1.9758519072124883,-1.518135037029369,-0.6972990110067477,-0.6447565730516285,0.2425693655553143,-2.468717545140732,-3.61686014031316,0.15345296909502526,1.927038458273138,1.3359192080626605,-0.34878473352050676,-2.8378883015188694,0
0.7299119110876806,-1.0192320331110463,0.23392593626835345,-0.40735798460355643,-0.6322270913330865,-0.045273162075458284,-1.640574218522311,-1.1709187790139717,-1.1363094925001886,0.6709844324604837,-0.3049983347167462,0.24645206079470527,-1.7532531603202421,0
0.5666021497547581,3.2413138777634902,1.4082123944163691,0.40815835346211604,0.7172871481314629,-7.516529918645196,9.684010531416316,-0.6584119857488697,3.235847094011784,-1.0354339207550751,-4.902414484836391,-1.6108065381799839,-5.691491674399694,0
-0.6793332837927515,1.3670387976651228,-0.44038245658484154,-0.8398933653395368,2.0204223274637694,-0.4594865318287705,2.954181923002578,-1.3133619865298556,0.49779976264536796,0.41668654252853776,-1.0343574184122124,-1.7232074239112962,-1.3240761217554653,1
-4.53221590306436,0.9388833153720996,0.15983675761088956,-0.08179955347087065,-2.2271030357520765,0.6223426155092915,4.362714800345891,-1.1407474161824607,2.018262584731395,4.513369096850683,1.4614990827553758,0.5381840760606269,5.164051011737295,1
-1.8923807254590508,1.1315993562566473,0.5958892335262189,-0.8923671683277407,-0.04584957861042416,5.091719748626909,-1.5688970024499556,1.8440393092416394,2.038499081849717,-1.9096709324433139,4.899228438126925,3.135806391052128,3.976341145888346,0
-0.25396919559034425,-1.0968699628554748,-2.3624433491031835,0.25713670103213393,3.0484467918683364,0.30512564318671,1.0359553840892906,0.03402571645205121,2.156367389803087,-1.7368367283725314,-0.5763078821705869,0.19070837120413797,-1.7487059539716692,1
2.344058054283941,-1.469620415592121,3.538345573510121,3.4204276958095705,-7.030161973971258,-10.148463318311599,2.07830373439616,2.613795202267794,2.8956650207898225,0.8772387743745296,3.2854226413044474,-2.4976501838670635,7.00865506316023,1
0.1565804178719472,0.35112980492944124,2.328907813263619,1.6349759926980798,-6.041429699043533,-10.386956581399689,5.713382283001653,2.3078543689645667,5.592630132005182,3.820924292865958,2.3470942306602076,-2.333370543333178,6.731126677378716,1
-0.07648681799869861,-0.837403702370493,0.4710304757009778,-1.6637654921088219,-1.1602249966638971,3.1455266461481273,-2.1021603348428846,-2.0987424831680617,-2.0506398246794837,-0.980795359111251,2.480465810406984,0.2098246231627342,-0.5367079947573076,0
3.236719164943207,-1.3924743834639608,-1.4345470207223432,0.944057942520457,1.7264761583069204,-4.763461983166818,-3.3040780068087,2.3480215697533007,2.039685357380447,2.5994433664901284,-1.5622548440797015,-1.2990813856177352,-0.4208816447875979,0
3.8958422943436886,-0.8782569237329778,-0.7086553902594233,-1.6621542359894361,-0.804949769935362,2.2478281064684182,-5.4448998622135285,-3.4002389764928935,-1.2172403064714417,2.5698825393657416,1.0501893895986523,1.2615640613748398,-4.511983211993662,0
0.7649702440031949,-2.383098786880365,-1.632729929774483,-0.03166004551892687,2.5135947620686214,1.214912401593713,-1.8810048637038168,0.2017104052830232,3.7114851647423617,-3.2165275026382205,4.013909139728028,0.9735124679923466,0.029026016328893955,1
-1.263226493239745,-0.6952761999474372,-3.372753666415649,1.7401285268828643,-0.17669786400622445,-1.92928837081714,2.458288889337606,2.3840308260110645,2.235716454841951,2.423841898689272,-3.7559190322150315,0.975548436270836,1.194844933112991,0
-1.2344202165499405,1.0073506920451203,1.015139811715696,-0.49315303999241467,-1.5284465986145204,-0.39719098953497317,1.7192259934776528,-0.7791261850384265,0.6191845934295614,2.054450927086646,1.8434144960402405,-0.9187223128084933,2.9583002477886255,1
-1.2131369147447386,-0.6357831132257853,0.37393057689764797,-1.8054129293123604,-0.3287780407200087,-0.6052201939511818,-0.007352810700244972,0.37465246656946305,0.6829085609166974,-0.09628968427102014,1.4751547945540044,-0.43185659398785514,0.5989749673675538,0
-2.907106161144056,0.822094396450247,-0.20690157455463054,1.1757465923257144,4.4599655661978925,7.2768331276793825,2.1834164008194388,-6.227177550045248,-3.1398003335050895,-0.8763202021456766,1.0756038530905214,-1.489962741689436,0.2883842372331271,1
0.35515782433405796,-0.60229920976804,1.70901098155537,0.20349832161350867,1.6969634013018202,-9.379959012829646,2.815572824710498,1.7435360414207879,4.613823303195019,2.105137749085014,-4.125244389033194,0.3171266090581978,-4.738681722033509,0
1.4151535060229383,-2.310447357831208,-0.37244382180416746,1.6813291850139809,0.28794411095143324,1.214245915509903,-6.605608755200577,2.908557757751241,-0.7245578956563081,-0.3013487026987539,1.4587652847477228,1.280598165706278,3.025278783925181,0
0.08103873422688657,-0.8517561404842007,-1.1158614832164448,-0.02231786483923759,0.847570588306028,5.454846449375911,-4.3041752102133035,-0.45529925841349483,-0.4840846647035565,-0.10766307811590958,0.7626790694333376,3.941363153176985,-1.3747738952765431,0
-3.9848092490204987,1.195422412248755,0.8851763156881883,0.10067964466808377,0.48119141866319026,-4.384496743997354,6.416124449543349,-0.22115332760702833,1.6556291117729023,3.6127172369339147,-1.8430807285688005,-2.7927170068697906,2.904806749582547,1
2.2122874753695023,-1.1631077105780165,-1.6718513185691646,-0.6974241197148792,-1.3951501630398533,4.383705868011334,-5.214240912903454,-1.2273932281036344,-0.9351464637780633,1.0182418087043066,0.9347377858395025,3.354848737795328,-2.379825655473816,0
-2.4916365647530654,4.453443914063103,2.347721826032029,-1.4547324361285123,0.2530892104443705,-0.7896092071211659,8.524196302821592,-2.6497816297157595,3.8331744775539836,0.15867645067442204,2.2194399831501714,-0.8066210973264726,0.3675650466180079,1
-0.9301406922731863,0.11544963395398344,2.6172353268795234,0.31926133245524824,-0.8328066498241923,-9.568973028024116,4.529705907793569,1.6395259103107986,3.1823310560045344,2.5968643188562917,-0.5448724823233364,-3.693303593464393,2.5824652277843407,1
1.9267110332977748,1.620457117355052,-3.7106245941072973,0.11259150584504263,0.519324416666407,3.638277513581719,0.8140941533001439,0.15295829327634292,-2.2244819291296714,-2.4524310431877794,-2.1554682289443883,-0.9615264488154043,-1.4011235697218636,1
-2.6789237683342626,1.779401483354856,-0.7966849673834648,-0.8301843736021468,1.0831689848699035,6.108454823461675,0.005219282743722873,-2.175782381692718,-0.7201071816907565,2.905193305385616,0.8592065059841849,1.5879024576545029,1.581098140245179,1
-1.6113970447429447,1.5359984027432225,-0.550632132468339,2.8602008970017123,-1.7667501428037968,8.085712546913022,0.3943791475046768,-2.7568510213806983,-3.3315103845699316,0.44295383320446,1.413507147297938,1.8254903184118314,4.4543911911976375,1
3.0805513288853414,-3.9464520671479653,-0.8479229218869704,-0.8111253322425123,5.1898222308051105,-3.172673076679543,-6.170704762035559,0.42116004450918854,1.2753686144573493,-0.923910420419961,0.6239356939309384,-1.8929266960744988,-3.7002637881826033,1
-4.478301686011943,-2.395886801944731,-2.439960411457542,1.853856190193659,-0.25980875834161843,7.834890924354491,1.33590999688463,-2.6054821199116747,-0.3125566555731971,-2.0084078394916682,2.3824443444368293,3.3905940993199346,3.0043478799832326,1
0.8172190532962883,-1.5951721050973988,0.22508826277965222,0.20181382163890205,0.9223071436817762,-0.3437648269367274,-1.3585508799861585,-1.6016526966205915,1.7656674714882277,0.23325488395860527,0.4693605603163431,2.0182741600724055,-3.1771020488273836,0
-1.1432128162484045,-1.268955557108554,-0.4960628055832521,0.009760080584858555,0.5858457414870233,3.549584086068282,-4.363299389903532,1.1038515194880936,-0.4052345826956446,0.9987287665647399,1.1598791361015655,2.5341062729981543,1.7613546053565972,0
1.381449717421049,-1.86513793975052,-2.5120733265898183,-0.36189109162974786,-0.42269365499035016,3.552096876653362,-7.266402466734892,-0.05858267884076995,-2.311556713279024,4.473568373219729,0.1804541913281804,0.8811815239284709,1.3969223667240844,0
-2.3235381675690143,-1.5953656739214206,1.0972074789635045,3.669754190288516,-0.2620775807169279,4.719915565390886,-7.373574933445291,2.7612868083523874,-4.551044652115631,2.918872584286633,0.929791847705851,1.3190563223226905,8.964885492019375,0
-0.3423473503005896,-0.06769559501269273,0.04367034558241434,-0.4480393645606725,0.401295047261204,-0.28030702574186317,-1.4360825775084425,1.709292218851028,1.0508259132781959,0.9361688824550158,-0.7786012488484919,1.8232217637194612,-0.6088103670884274,0
-2.277529934717541,-2.0552300697229597,-2.4444150539238647,1.4633535160191948,1.6043886278007329,4.512482497677202,1.2029819389069594,-2.018137443759737,1.3001178165223566,-2.2069325305529173,3.0046530503465356,0.6894459643627753,2.6224666171041453,1
-0.8745962970830421,-0.21685587607324175,0.4292557006596426,2.530760905234507,-2.79424530342916,2.3026389640969125,-0.5202889271191974,-0.9083303984189105,0.6306914159313621,2.5185009175552806,3.4143205488963138,1.3389289471117896,6.147180341292837,1
-2.103972292993813,0.3663820295289293,2.587660218086162,1.2810557782226906,-1.081165852551575,-0.3069219546731047,0.35966050892011026,3.4064320009603977,-0.4745144717595027,-2.692106658253941,0.2821700569142602,1.5056374765491594,3.116438470180714,0
-1.9200068732327513,2.86319467145414,1.5264715437210503,1.3194859691735639,-1.8941109601265271,-2.1059856255829645,5.881693569598186,-0.5310584777684318,2.182859069414169,2.8043200098984697,0.8882060122630325,-1.1944934608722084,4.6782406713694655,1
-0.23061788711951037,-1.517378919584598,-2.2232249443370735,-1.936407319351666,0.913299118046413,3.2658705546566673,1.5349914518529222,-2.305108180998406,0.8060653289215495,-4.907866272280847,0.19703900277521047,2.288057571111274,-6.230094451171178,0
2.6011477176174913,2.2632386632204686,3.1646474988916236,0.7972614013797661,-2.429645152579903,-5.273389261988904,1.4996071963848432,1.829258460056106,0.9741411259179559,-0.39393003995990794,1.6758574258025227,-2.610423646547355,2.811967145578485,1
4.831160035380568,-1.6530043747442476,1.0630271922756345,-3.0366748014190525,1.458931124913572,-2.919124802352926,-8.557536490710328,2.5846013846328812,1.6131633374496455,0.2211845468808593,-0.7861031436996321,3.273755095316307,-7.897493316675157,0
0.8468952643717607,0.4353868438458528,-0.3758003262797399,2.5611494249154285,0.8541631677233665,-2.175963168440835,0.80763039352451,2.3031254932723573,1.043709793573742,-0.3049763450235108,-2.1235849940011478,0.10530919341461009,0.8985490353573026,0
1.4286476623596953,1.428166035521948,1.001405862225221,2.381998615358194,0.8078330637670141,-0.36142269660133336,2.740660421611223,-0.3337103530403016,-0.09395032304710838,-3.910838120139879,-0.5971234844793503,-0.32175543470393775,-1.0982069652189044,0
1.873941018477455,-1.1330272126626095,-0.22820798825999222,-0.44672817900715134,2.1359456313772887,0.5170351394617066,-3.2786309163239102,-0.4762312408292929,-1.7397165621377053,-1.7021504732706219,0.5980302030508262,-1.7774867872212134,-1.4151207308924079,1
0.9874539497491003,-0.4071148863837004,-2.3034579579708243,-1.4961762921657846,0.9117764893085106,-2.3450735578999446,3.2312316926954967,-1.1949264540533333,2.554257179934366,-0.683677390498707,-2.655532105841633,0.40874909366004375,-6.293910368534192,0
-2.2322512548843,-0.6482291798704207,-1.9478853814550101,2.6976675394900123,1.7579539290638806,5.136988910640961,1.2640495897253714,-3.66531854866817,-1.2655898132956072,1.3159081759374083,-0.16527648129239303,0.5191099162558803,1.894273967218578,1
3.183144968019404,0.9222027160535082,0.5258527347361932,0.8981555237816314,0.3589646003536996,0.2092593375693325,-4.120472564141944,3.1271954052157565,-0.24355755618026564,-1.3462594241401633,-1.5966431011325266,2.7066682409004654,-2.2781873362435077,0
0.5229519891010994,-2.803587011424935,-4.090008815407211,0.9651394150993063,0.5892757459373779,5.010207802211994,-0.14420071323897743,-3.1622404525061336,-2.6715269611546932,-3.7820724800563967,-1.5442996371858126,0.9624065564246727,-4.01386466206446,1
-3.1042487497830553,1.430780290543333,1.3809580264891756,-1.2395068888307725,2.0972834157106224,0.19532831821810961,3.7213899353850257,-2.3582984227705155,-1.0421233775859204,0.7903088268816113,-0.3690029066377212,-2.5254648523064978,0.20505304488653933,1
2.128034018976411,-0.6005868171958282,1.5692006762695923,-0.9451021728211335,0.2327461353019027,2.1098630038003328,-6.425611484284652,2.5757336736166865,-0.9303746639357695,-3.0700836233470774,0.7728332668974662,3.7573834513842836,-3.039234346325677,0
-0.5465432379874284,-2.160413770198285,-0.73486579915592,0.8496238392005344,-0.020375192279189602,-0.23522375326061565,-2.501834516475574,0.4051612367174551,0.19324620492890476,2.1587148068435393,0.7642228891641323,-0.031291261018224326,2.596562003123736,0
-2.508657043679044,1.4784770033276748,-0.8701411131695151,-1.2744166545243494,0.6050628169513959,3.0616176310387804,3.668760786131217,-3.0193190187390075,0.26015146882419526,1.2228362280004395,0.3647915224240734,-0.08664950338955868,-0.23476544137871552,1
-2.711144487520785,-1.0152594679650748,1.3521118788708795,1.0180632204693238,-1.0266388910296746,5.234588852594423,-4.239080578631158,0.6973430320964396,-5.388211267764934,-0.3021043229265652,1.479570408286199,0.21346630446460302,5.58966436869215,0
-4.197016125727234,2.544393743794745,-0.9371460803457958,4.894738190107972,-2.0704773059571506,8.372671066097666,1.6231929841413435,-0.8791276303100034,-3.709218274082769,3.72433921542952,0.2834759537949674,1.2729598049742656,10.42685682323251,1
1.506156641029273,0.3751508680076294,-2.262946898714428,-1.481870611564171,-3.423852868832195,7.396164884155957,-2.6339427701045848,-2.259742826369201,-0.4133123869097294,-0.7832345410153894,7.501492222273618,0.07809165613141222,4.838292331948766,1
1.7476354729418224,2.263544102297184,-1.297547689606183,5.179081038492743,2.2681321140691684,-6.045618408661129,7.822016478352024,-0.2122675185260099,2.1734980158058517,0.4529110182916347,-4.037369817005384,-4.56998763433317,1.6056469673612814,0
-0.5032316301863844,-2.4219328240954656,-0.8071544175313865,1.2868923278237425,0.9967414496912566,1.024632774090008,-3.1936142445680415,2.082405810692467,0.6299977364373689,-1.169047863162805,-0.050942378441177105,2.5009231659267988,0.4791048373445511,0
1.5737725953129926,0.7732735114675022,2.5181488254626307,-0.29847655483827706,-3.362768135659657,-5.181081526955115,1.9671710715516326,1.2758432664984167,1.8748677462268875,-0.7203095871286711,1.8562864345785313,-1.1981105507497882,1.1720660005715642,1
0.42396909253098713,-1.5348402516834745,-0.7838004273830239,2.3545418374938007,-2.4549772283598488,4.954769913469862,-1.4376809838857414,-2.6721315385219655,-1.8589972286338114,-1.4171842048174972,3.1133035492356584,1.309596476140185,2.700811615381449,1
1.6592554597744023,-2.5497358881334042,-0.08683470545887295,0.4651809927810483,2.6389154563224078,4.165269826387346,-7.093062640589416,-1.218183865041762,-0.659231814691979,-1.1684628934075894,3.6050602414460564,1.4097597511958755,-0.15043998499041564,1
0.34866331513464976,-0.8290232883599511,-3.3506731788233086,1.2434119758264626,2.31386481446219,4.443084456060744,-1.9376914238281038,-1.0591456540857327,0.41808127248448557,0.584000441708872,0.4284723279786452,1.0712265442870201,0.5967612765086349,1
1.3820258614344851,-2.205891918102794,-1.0663858546156528,-1.8376622077233025,0.9916032101690405,-1.1466251279537802,-3.401059830743904,1.1501754036209233,1.8171165027304954,-0.4678676113846898,-0.7519214824608659,2.3574588256092874,-4.823665202206131,0
1.1307966935514138,-1.3806774199759957,1.5491948315366901,1.6068334558228377,-2.756503220036481,-8.474335562927255,2.939842153707684,0.42264038354875844,0.6254270151594883,1.174357356276605,0.3735130833634952,-5.0903816463843725,3.5611814441641085,1
0.5494570848641867,-0.705899717772178,0.21264182394857678,0.14261194088275753,1.1500453155179227,1.0413626013160067,-2.1954159717293935,1.3644215713333931,1.9268462465920857,-2.450564731523941,4.3190147821990905,-0.048123197065143675,2.9643390327937063,1
-0.10758550279260937,-6.446244695237246,0.26895701407857775,-0.7895659550495684,1.8835069838950047,-0.09824030041341877,-10.242883192359233,3.2216815278491855,2.878761815590952,-0.015334745855513199,0.3067050536582374,7.601766098619317,-4.806191467903134,0
0.46434434038397376,-1.4235037481977766,0.5409773772865174,-1.9706640145309626,1.051517734418164,-0.8301878681432417,-3.27712234323266,-1.1621541469172934,-0.9557406423809349,2.119543434145908,-0.9528622316369026,0.138962863131314,-3.609151158538506,0
-1.5204911280452926,2.72303175842415,0.9683592801466372,-0.41479197704436266,1.2105482379338959,3.262167824258397,1.2770673748813512,-1.0927993453920002,-1.2810460750762753,0.4875312277201401,0.45696142035100085,-0.3502048978610277,1.3189679296824934,1
2.6629692718890587,-1.1179462251314898,2.9142263072599532,1.9900503250084944,3.4894423128902137,-6.997118438158617,-1.7447959349475846,1.3449362814343409,2.760728200402589,-0.05578443681540768,-1.9206863573597965,0.10738151692014464,-3.8649867124019996,0
0.10103232330900047,-0.5075375016372672,0.007835644803733777,1.5161980342833035,-0.19678628265296216,-1.841271820260234,2.9099459637726897,-2.1777848231760295,-1.06161374640268,-0.36854582080916676,0.1408510045426712,-3.5315447391818764,1.5302086359225564,1
1.7460942028842492,3.427080764217191,0.5527223990249066,2.03503104829032,-1.7165466447131337,4.878016665178104,-3.118732752550863,2.0830841932461652,-3.4325981346696017,0.05930232302598215,1.9397631710272534,-0.4383401926777285,6.625534644708291,1
-0.664070950434122,-0.25901102745267024,-1.3488409361938296,2.5297091120738004,0.48044615850130146,-1.0808443135514005,2.8124738063394994,0.9045381695935355,1.4457115714011612,-0.4285517087597933,-2.578604557677103,1.092547637721903,-0.03126807347730624,0
-0.2357769893578905,4.63110320049601,-0.18995350443444947,1.1900728995071446,-3.352500290520692,7.5677122619201285,1.9282921648831985,0.10294669017223579,-4.26580432844565,-2.5491853442879266,1.9472986731593793,-0.3149241208457989,5.84330544603705,1
1.5143182329695528,-1.1655402778528896,1.973404245646234,3.2132611240077664,-3.425345405385632,-9.6429220863935,3.365889354868249,1.3383380255872592,2.592913353162495,1.774227591152433,1.2117242793896865,-4.22755645246116,5.539309225727528,1
1.4534892233321342,-2.103292696979251,0.5975883155984283,0.05743767333482919,-0.4926452199545326,1.591614053895495,-8.105598166372102,-0.33577636986859605,-4.899760149852887,3.9558712062987436,-2.792993523330908,1.729245835533833,-2.3325872847891285,0
3.3792254499620373,-0.9283724641349561,-2.8293092577147068,-1.2404015115546,-4.184936610996639,-0.07940691814283377,-0.4957580382896527,-1.5567814516934648,0.42710673791087905,0.7095273507712547,0.8806834159628709,0.14928144394959098,-2.0121031499372775,0
0.0033986444549788386,-2.915041715835335,-3.290984700944824,-0.08197583674926912,0.8370225150181173,2.3508932275506456,-1.0963023895834492,-0.7566245853785434,1.278592948355036,-1.774344360138192,-0.223186458417014,2.4699764548523033,-3.026121979353354,0
-2.6207660367818697,4.050940761776467,-0.2507447442199997,1.8751477682960613,2.6972790656335977,9.559178376195902,3.9637715173806525,-4.563262343261172,-1.7519102461508345,-1.3158659120042335,1.1577267309885322,1.3450454303192334,1.4706883601315153,1
-0.28055530576416976,-2.3959529905397257,1.8292164715551245,3.744394492922692,-1.0553290805552558,-6.692913014005904,3.932265448968521,-0.706966529023308,0.3496753005802751,-1.047214359433951,-0.5489859238205861,-3.2858567987245237,2.3097114504257643,1
1.296472677109565,0.8083360571785885,0.20807036962895675,1.949641433026167,-0.3543444826938844,-2.1019508893398515,2.1319714509173084,-0.9713583708440501,-1.7873054161883428,0.14041396526323546,-0.5925113030118851,-4.008367388994124,2.2928975143548747,1
1.9241259701201994,-0.6222787001163305,-1.1190862557829386,-1.3076148242790666,-2.757393096390397,2.8860596143984076,-2.9229045439794348,-1.4438289317289257,-3.0361794038488052,0.006125382442980776,-0.5952694364598372,1.3761507656602292,-3.022351849810062,0
3.8116390891775462,-1.1979819280274857,-2.966673126937465,-3.6987533560286496,-1.6299806049375092,2.0687381284512085,-3.270056871932473,-3.881794942056889,-2.212460910652636,1.3538678788584653,-1.3972579429978444,0.5435634640958801,-8.095179093454295,0
-1.8134606072379573,4.441974359044146,2.6655541621546583,-0.46735161148435966,-1.125747580467971,-2.14874267105849,7.517484478928094,-0.6975323699539153,4.456846416089947,0.9538770627995857,2.192326579392235,-0.11059286740757346,2.1667867142676958,1
-0.9967473900143566,-0.4855564023124972,-0.4134751439216844,2.012670990048737,-1.0048313377483444,2.279786782667149,-0.6033072816315636,-0.7820505692242816,-1.4424452836645778,1.6320463713249562,0.14836892557420545,0.55845496241885,3.1010332170485597,1
0.7410695474481619,0.8405906612627618,1.8234662884287784,-1.2966282504488178,0.4238916709395546,-5.640857818258515,3.0535916083921295,0.4655097984647184,1.9843762672353955,-0.6584115336897579,-1.8274713746295848,-0.9709230193832383,-4.033904927605356,0
1.8223324835198222,-0.3139533629499984,0.5615560333209426,-0.9003805777737848,-0.1079393100044348,12.574651369889205,-11.366401036287954,-2.0877377115537916,-6.032419109506453,-1.188639664250904,3.9814948762628553,4.790246582637379,-0.5917780320083335,1
2.042580906618225,-3.653401229210024,-1.0032229183206878,-1.3424273538614777,1.9019258280638964,-3.4765855304653384,-4.952615265885587,1.175006569913333,3.378421935657239,1.5155990640140775,-1.7055313565166852,3.288662937490122,-6.503031110636955,0
0.6091772854293946,-1.3716758001530391,1.3215562213281284,6.128232513917624,-1.5701725283877768,-0.3976180158095405,-0.09298205562846468,-0.5155918740841567,-1.8158405098301387,-0.623323353509627,1.018023922314573,-0.9601180031638736,5.952824944030969,1
2.168275449270473,0.19682312989327766,0.7859028355675008,4.6723500015708925,-0.4192585658385253,-1.5951876703141232,-1.4012762862331571,0.9899170716088808,-2.998096061509837,0.5887919670517512,-0.4932970812334516,-3.384059394819451,5.596927293386845,1
-1.4780243047633976,-0.9016144385552121,-0.6653884357152795,-0.9312703025730982,-0.17210234452480833,2.2461780358907464,-2.151813229294943,0.301712417850887,-1.4664196846146877,0.940827417420161,1.6798269976432763,-0.881555502999249,3.251899296613642,0
1.887142966038478,-3.787329914497104,-3.0146452437440034,-0.5510127232274036,2.9234596683156995,-1.0178557876384815,-2.020726545485138,-0.555831244305129,1.7874073322863584,-2.9077138696488003,1.2444535522572808,-1.4517902905467,-2.696443532647512,1
-1.1488634422928887,3.5560384487530188,1.119872575593195,-0.038950829318154634,-2.9689043614920547,-1.2214938128542785,5.982461169007893,-1.0018554652877898,2.90371348256157,2.6663227269302903,2.0350739694374154,-0.5969898310897748,3.755057299825808,1
1.6441996184227923,-2.333710075124296,-2.896792108157589,0.17677318712367573,-3.0319647464641424,-3.8708846792403255,0.8416589701088542,0.2094527916222475,1.4289052726484446,1.9167279381649895,-1.2088709854239061,-0.9339144163003859,-0.36059358392315793,0
4.507343047156595,-1.0665191773149254,-2.540562606454623,1.5311564245843299,2.4277787912603195,1.4194532669957247,-4.0856429989420935,-0.42360455383370255,0.15963574573412398,-1.2534418847400262,-0.8880310080038201,0.9069209145914355,-3.697026893929228,0
1.0938940639788342,-1.340453236414048,-0.23679719697688417,-0.48710468597006007,0.26663206113122007,1.1888353435538852,-5.058861132956638,0.12177319399343278,-0.5243097397288172,2.3363112689755816,-0.8610518601382946,2.655065471715978,-2.4115511178922358,0
1.3600327644407608,-1.735191746535392,-1.6759808697519496,-0.5946438044085842,2.4542766949633097,5.3643553972162135,-6.099943775467058,-0.26400979778808364,-1.8339726564844638,-2.2518316420890074,1.9180427984459227,1.0754210500281056,-0.9841606220840629,1
-0.3153328858878761,-3.8583151764030674,-0.48208349512175974,-1.1492264739014457,1.3258120967569063,2.411582658505969,-6.715183964099101,2.352810274455779,0.7390559804162171,-2.446015583242086,0.9987685334946055,4.743798135649735,-2.784603569020173,0
-0.7838778322611766,-1.881359879698004,0.5911500472723226,0.5150249203028643,0.810024128147544,2.886044237551856,-3.931080132612898,-0.559265979440753,-2.391820212006426,-0.147664322612427,-1.3137419162358444,2.927481037870496,-2.307982770577207,0
-0.43746913738801385,-0.6375324332291759,0.6038872616008457,0.4989467955339676,-1.3577525688550918,-3.710953964125361,2.224924719698293,0.20718513363801372,3.4992397440057883,1.5360678173352817,0.8431016080123764,0.5223706935786998,0.8779709653769253,1
5.191115438418178,1.4076440972983297,-4.598271804558703,-4.024092950597417,-5.45306154706969,6.1325486857145,-2.2861104002580084,-2.1907070939183093,0.28138641432928746,-0.714022410877925,3.2619005326325974,2.5880771374710188,-3.8727758941053776,0
2.889866295704656,2.064304353499627,-3.1606711777661265,-3.80788411453129,-1.3993233461149308,9.26544902833323,-4.8950127581377725,-1.2377214182213068,0.1286685681126536,-0.33275354386781264,3.8051237507284945,4.092738497562624,-2.4963648246836496,0
3.6085589875986,-1.0451953921051456,-3.0697235774884923,-2.6863589933637027,-1.308023505433988,0.6599292930189002,-4.238193164254621,-1.4281318764093558,0.01652503381073167,3.4157921946652086,-0.7571355588294497,0.9455576129642179,-4.665209096992167,0
-1.532011892560107,-2.612831876956175,0.9025686254480967,0.49152300855379827,1.7086411775299397,-2.624682536067112,-0.7965516538778391,-0.7535953935412767,1.3208078338458753,1.6961002002749517,1.4558740637255374,-1.4398575658913368,1.8341468674590955,0
-1.09834277598098,2.9366839971546472,3.482073850956552,3.5877879280173874,-0.8440750687193868,-2.133023508831364,6.986703014264287,-1.2570964583064552,1.7114668328347584,-1.5353311718570195,1.6650835159341557,-1.2880281024856588,4.0145926294515215,1
2.309162335232458,1.8728644218282764,3.9967471193368977,2.3934591713942583,-2.5661328461878723,0.3190347165964908,-3.9583702777276053,1.7749451706487092,-5.00839786633144,-0.6258861854887126,2.484393774551988,-2.8352445617701636,6.719911972099251,1
3.082805426164331,-3.3043657261918775,-0.924284000635805,0.2905517179813035,4.7150105977127,-1.4701447048321352,-5.325484057173415,-1.301019405128733,0.7660468226362684,-0.18504846624165117,0.7294387552379896,-1.4239744239303456,-3.2899727380388737,1
1.4048950183734004,-1.176726978266577,-1.074622947929221,-2.2654621241600306,-1.2111181323245372,0.29326571190094164,0.046539620903273404,-3.127645315036309,-0.6192326308412477,-0.49111548506780345,0.657887489810722,-0.6843753833709154,-4.030468090946061,0
0.703823401640665,0.5771988668866928,2.944031356975739,3.811925041910076,-3.5536455205283577,0.6991574121483005,1.381091902421094,-4.974569004081682,-5.376822581548952,1.7192429005815844,1.0742091154116364,-3.264471427008909,4.175694834174454,1
-1.1542243529246907,0.03454755639839402,1.5024084776376387,0.4190247790386802,-2.8046160086067045,-0.16777882177868203,0.27000232457960593,-0.22821957563946105,0.669329866171801,1.9924829602887442,2.4162261990179923,0.6652222452224132,3.7237245867509245,1
3.20212744068617,-2.5032440554190543,-1.9758885558561963,1.2151386547590373,-1.8820776320836607,-1.8953992901351975,-2.5703816667204524,-1.870394755925859,-0.785204187622786,3.122815539357581,-1.8511916441999512,-0.06061270628087412,-2.407118083265012,0
0.860249892965973,2.4329359349703465,2.222567863695849,0.18649701839540844,0.1339676426937384,-6.562366500181075,6.388879538179398,-0.3861064082156074,2.0828098339296,-0.8354708092967005,-0.10513370523513843,-4.381972592145308,0.17796570452490384,1
2.9795803223341695,-1.9230505589179563,-2.775015095393859,1.8490945003339943,1.016132059267452,0.2690872731916047,-4.883895729339708,1.8063131759325213,1.2036805423468955,1.3233448425509255,-1.9078776407900027,2.755434697733712,-1.8324151373402184,0
0.7506094067808751,-2.122755300901434,-0.12781225359396486,0.3406459598042767,1.3320270142032353,1.5745173297607102,-3.819823337461562,1.4284814491392606,0.6170096017044798,-3.1523261003101646,0.44087462873713235,3.262446912833954,-2.534025026218939,0
1.5538486144366321,0.9983386096912622,2.2159727481263887,2.696068823905945,-3.5600345757686505,-5.320682132782092,5.504984025441397,-0.9691353042875789,2.1307792733314224,-1.010261530967457,2.59546158582366,-2.923993667437344,3.789564354463432,1
-1.9349509381076784,-1.8123449615828,0.4959238086910245,2.3856280988312966,0.5230747141235623,-1.2679334999823086,0.4868394741066119,-0.9398215250629649,-0.6962289893254825,2.011043093272461,-0.3443271825346097,-1.3229767319882981,3.206259132629567,1
0.6657399002619837,-2.760665388122444,0.4745574168777307,0.43222590696170715,0.8063490048009916,0.6553286384793274,-3.721379811400792,-1.748518819057139,-0.458265730943056,-0.0316172637695773,3.110372615566146,-0.7370660865491269,1.0757121539230228,1
0.13399547971430648,-4.177750557475162,-2.3109258612121857,0.5986050156843221,-0.0049524771972238035,-0.062061733119539525,-1.0822733959470654,-0.1659328178460595,1.7218248475171052,-3.007258846299082,4.110407811871103,-1.4053407215098899,2.8098746957639804,1
-1.6191857318577778,-1.0881938470435872,0.24573404104672636,2.854005453501638,-1.293305926242319,-4.983238468280477,4.424405861463791,-0.9422422118354793,-0.6483879292093779,2.553306534189282,-0.8448138226188358,-4.8867191342956025,5.40837514696796,1
